y,x
0,34
0,35
0,36
0,37
0,38
0,39
0,40
0,41
0,42
0,43
0,44
0,45
0,46
0,47
0,137
0,138
0,139
0,140
0,141
0,142
0,143
0,144
0,145
0,146
0,147
0,148
0,149
0,150
0,151
0,228
0,229
0,230
0,231
0,232
0,233
0,234
0,235
0,236
0,237
0,238
0,239
0,240
0,241
0,242
0,243
0,292
0,293
0,294
0,295
0,296
0,297
0,298
0,299
0,300
0,301
0,302
0,303
0,304
0,305
1,30
1,31
1,32
1,33
1,34
1,35
1,36
1,37
1,38
1,39
1,40
1,41
1,42
1,43
1,44
1,45
1,46
1,47
1,48
1,49
1,133
1,134
1,135
1,136
1,137
1,138
1,139
1,140
1,141
1,142
1,143
1,144
1,145
1,146
1,147
1,148
1,149
1,150
1,151
1,152
1,153
1,154
1,224
1,225
1,226
1,227
1,228
1,229
1,230
1,231
1,232
1,233
1,234
1,235
1,236
1,237
1,238
1,239
1,240
1,241
1,242
1,243
1,244
1,245
1,288
1,289
1,290
1,291
1,292
1,293
1,294
1,295
1,296
1,297
1,298
1,299
1,300
1,301
1,302
1,303
1,304
1,305
1,306
1,307
1,308
2,28
2,29
2,30
2,31
2,32
2,33
2,34
2,35
2,36
2,37
2,38
2,39
2,40
2,41
2,42
2,43
2,44
2,45
2,46
2,47
2,48
2,49
2,50
2,51
2,123
2,124
2,125
2,126
2,127
2,128
2,129
2,130
2,131
2,132
2,133
2,134
2,135
2,136
2,137
2,138
2,139
2,140
2,141
2,142
2,143
2,144
2,145
2,146
2,147
2,148
2,149
2,150
2,151
2,152
2,153
2,154
2,214
2,215
2,216
2,217
2,218
2,219
2,220
2,221
2,222
2,223
2,224
2,225
2,226
2,227
2,228
2,229
2,230
2,231
2,232
2,233
2,234
2,235
2,236
2,237
2,238
2,239
2,240
2,241
2,242
2,243
2,244
2,245
2,286
2,287
2,288
2,289
2,290
2,291
2,292
2,293
2,294
2,295
2,296
2,297
2,298
2,299
2,300
2,301
2,302
2,303
2,304
2,305
2,306
2,307
2,308
2,309
3,26
3,27
3,28
3,29
3,30
3,31
3,32
3,33
3,34
3,35
3,36
3,37
3,38
3,39
3,40
3,41
3,42
3,43
3,44
3,45
3,46
3,47
3,48
3,49
3,50
3,51
3,93
3,94
3,95
3,96
3,97
3,98
3,99
3,100
3,101
3,102
3,103
3,104
3,105
3,106
3,107
3,108
3,109
3,110
3,111
3,112
3,113
3,114
3,115
3,116
3,117
3,118
3,119
3,120
3,121
3,122
3,123
3,124
3,125
3,126
3,127
3,128
3,129
3,130
3,131
3,132
3,133
3,134
3,135
3,136
3,137
3,138
3,139
3,140
3,141
3,142
3,143
3,144
3,145
3,146
3,147
3,148
3,149
3,150
3,151
3,152
3,153
3,184
3,185
3,186
3,187
3,188
3,189
3,190
3,191
3,192
3,193
3,194
3,195
3,196
3,197
3,198
3,199
3,200
3,201
3,202
3,203
3,204
3,205
3,206
3,207
3,208
3,209
3,210
3,211
3,212
3,213
3,214
3,215
3,216
3,217
3,218
3,219
3,220
3,221
3,222
3,223
3,224
3,225
3,226
3,227
3,228
3,229
3,230
3,231
3,232
3,233
3,234
3,235
3,236
3,237
3,238
3,239
3,240
3,241
3,242
3,243
3,244
3,284
3,285
3,286
3,287
3,288
3,289
3,290
3,291
3,292
3,293
3,294
3,295
3,296
3,297
3,298
3,299
3,300
3,301
3,302
3,303
3,304
3,305
3,306
3,307
3,308
3,309
4,24
4,25
4,26
4,27
4,28
4,29
4,30
4,31
4,32
4,35
4,36
4,37
4,43
4,44
4,45
4,46
4,47
4,48
4,49
4,50
4,51
4,52
4,79
4,80
4,81
4,82
4,83
4,88
4,89
4,90
4,91
4,92
4,93
4,94
4,95
4,96
4,97
4,98
4,99
4,100
4,101
4,102
4,103
4,104
4,105
4,106
4,107
4,108
4,109
4,110
4,111
4,112
4,113
4,114
4,115
4,116
4,117
4,118
4,119
4,120
4,121
4,122
4,123
4,124
4,125
4,126
4,127
4,128
4,129
4,130
4,131
4,132
4,133
4,134
4,135
4,136
4,137
4,138
4,139
4,140
4,141
4,142
4,143
4,144
4,145
4,146
4,147
4,148
4,149
4,170
4,171
4,172
4,173
4,174
4,179
4,180
4,181
4,182
4,183
4,184
4,185
4,186
4,187
4,188
4,189
4,190
4,191
4,192
4,193
4,194
4,195
4,196
4,197
4,198
4,199
4,200
4,201
4,202
4,203
4,204
4,205
4,206
4,207
4,208
4,209
4,210
4,211
4,212
4,213
4,214
4,215
4,216
4,217
4,218
4,219
4,220
4,221
4,222
4,223
4,224
4,225
4,226
4,227
4,228
4,229
4,230
4,231
4,232
4,233
4,234
4,235
4,236
4,237
4,238
4,239
4,240
4,282
4,283
4,284
4,285
4,286
4,287
4,288
4,289
4,290
4,293
4,294
4,295
4,301
4,302
4,303
4,304
4,305
4,306
4,307
4,308
4,309
4,310
5,23
5,24
5,25
5,26
5,27
5,28
5,29
5,36
5,37
5,44
5,45
5,46
5,47
5,48
5,49
5,50
5,51
5,52
5,78
5,79
5,80
5,81
5,82
5,83
5,84
5,85
5,86
5,87
5,88
5,89
5,90
5,91
5,92
5,93
5,94
5,95
5,96
5,97
5,98
5,99
5,100
5,101
5,102
5,103
5,104
5,105
5,106
5,107
5,108
5,109
5,110
5,111
5,112
5,113
5,114
5,115
5,116
5,117
5,118
5,119
5,120
5,121
5,122
5,123
5,124
5,125
5,126
5,127
5,128
5,129
5,130
5,131
5,132
5,133
5,134
5,135
5,136
5,137
5,138
5,139
5,140
5,141
5,142
5,143
5,144
5,145
5,146
5,147
5,169
5,170
5,171
5,172
5,173
5,174
5,175
5,176
5,177
5,178
5,179
5,180
5,181
5,182
5,183
5,184
5,185
5,186
5,187
5,188
5,189
5,190
5,191
5,192
5,193
5,194
5,195
5,196
5,197
5,198
5,199
5,200
5,201
5,202
5,203
5,204
5,205
5,206
5,207
5,208
5,209
5,210
5,211
5,212
5,213
5,214
5,215
5,216
5,217
5,218
5,219
5,220
5,221
5,222
5,223
5,224
5,225
5,226
5,227
5,228
5,229
5,230
5,231
5,232
5,233
5,234
5,235
5,236
5,237
5,238
5,281
5,282
5,283
5,284
5,285
5,286
5,287
5,294
5,295
5,302
5,303
5,304
5,305
5,306
5,307
5,308
5,309
5,310
6,22
6,23
6,24
6,25
6,26
6,27
6,35
6,36
6,37
6,38
6,39
6,40
6,41
6,42
6,43
6,44
6,45
6,46
6,47
6,48
6,49
6,50
6,51
6,52
6,53
6,76
6,77
6,78
6,79
6,80
6,81
6,82
6,83
6,84
6,85
6,86
6,87
6,88
6,89
6,90
6,91
6,92
6,93
6,94
6,95
6,96
6,97
6,98
6,99
6,100
6,101
6,102
6,103
6,104
6,105
6,106
6,107
6,108
6,109
6,110
6,111
6,112
6,113
6,114
6,115
6,116
6,117
6,118
6,119
6,120
6,121
6,122
6,123
6,124
6,125
6,126
6,127
6,128
6,129
6,130
6,131
6,132
6,133
6,134
6,135
6,136
6,137
6,138
6,139
6,140
6,141
6,142
6,143
6,144
6,145
6,146
6,147
6,167
6,168
6,169
6,170
6,171
6,172
6,173
6,174
6,175
6,176
6,177
6,178
6,179
6,180
6,181
6,182
6,183
6,184
6,185
6,186
6,187
6,188
6,189
6,190
6,191
6,192
6,193
6,194
6,195
6,196
6,197
6,198
6,199
6,200
6,201
6,202
6,203
6,204
6,205
6,206
6,207
6,208
6,209
6,210
6,211
6,212
6,213
6,214
6,215
6,216
6,217
6,218
6,219
6,220
6,221
6,222
6,223
6,224
6,225
6,226
6,227
6,228
6,229
6,230
6,231
6,232
6,233
6,234
6,235
6,236
6,237
6,238
6,280
6,281
6,282
6,283
6,284
6,285
6,294
6,295
6,296
6,297
6,298
6,299
6,300
6,301
6,302
6,303
6,304
6,305
6,306
6,307
6,308
6,309
6,310
6,311
7,21
7,22
7,23
7,24
7,25
7,26
7,32
7,33
7,34
7,35
7,36
7,37
7,38
7,39
7,40
7,41
7,42
7,43
7,44
7,45
7,46
7,47
7,48
7,49
7,50
7,51
7,52
7,53
7,54
7,76
7,77
7,78
7,79
7,80
7,81
7,82
7,83
7,84
7,85
7,86
7,87
7,88
7,89
7,90
7,91
7,92
7,93
7,94
7,95
7,96
7,97
7,117
7,118
7,119
7,120
7,121
7,122
7,123
7,124
7,125
7,126
7,127
7,128
7,129
7,130
7,131
7,132
7,133
7,134
7,135
7,136
7,137
7,138
7,139
7,140
7,141
7,142
7,143
7,144
7,145
7,146
7,167
7,168
7,169
7,170
7,171
7,172
7,173
7,174
7,175
7,176
7,177
7,178
7,179
7,180
7,181
7,182
7,183
7,184
7,185
7,186
7,187
7,188
7,208
7,209
7,210
7,211
7,212
7,213
7,214
7,215
7,216
7,217
7,218
7,219
7,220
7,221
7,222
7,223
7,224
7,225
7,226
7,227
7,228
7,229
7,230
7,231
7,232
7,233
7,234
7,235
7,236
7,237
7,279
7,280
7,281
7,282
7,283
7,284
7,290
7,291
7,292
7,293
7,294
7,295
7,296
7,297
7,298
7,299
7,300
7,301
7,302
7,303
7,304
7,305
7,306
7,307
7,308
7,309
7,310
7,311
7,312
8,20
8,21
8,22
8,23
8,24
8,28
8,29
8,32
8,33
8,34
8,35
8,36
8,37
8,45
8,46
8,47
8,48
8,49
8,50
8,51
8,52
8,53
8,54
8,55
8,76
8,77
8,78
8,79
8,80
8,81
8,82
8,83
8,84
8,85
8,86
8,87
8,88
8,89
8,90
8,91
8,92
8,93
8,94
8,95
8,96
8,97
8,115
8,116
8,117
8,118
8,119
8,120
8,121
8,122
8,123
8,124
8,125
8,126
8,127
8,128
8,135
8,136
8,137
8,138
8,139
8,140
8,141
8,142
8,143
8,144
8,145
8,146
8,167
8,168
8,169
8,170
8,171
8,172
8,173
8,174
8,175
8,176
8,177
8,178
8,179
8,180
8,181
8,182
8,183
8,184
8,185
8,186
8,187
8,188
8,206
8,207
8,208
8,209
8,210
8,211
8,212
8,213
8,214
8,215
8,216
8,217
8,218
8,219
8,226
8,227
8,228
8,229
8,230
8,231
8,232
8,233
8,234
8,235
8,236
8,237
8,278
8,279
8,280
8,281
8,282
8,286
8,287
8,290
8,291
8,292
8,293
8,294
8,295
8,303
8,304
8,305
8,306
8,307
8,308
8,309
8,310
8,311
8,312
8,313
9,19
9,20
9,21
9,22
9,23
9,26
9,27
9,28
9,31
9,32
9,33
9,48
9,49
9,50
9,51
9,52
9,53
9,54
9,55
9,56
9,91
9,92
9,93
9,94
9,95
9,96
9,97
9,100
9,101
9,102
9,103
9,104
9,105
9,106
9,107
9,108
9,109
9,110
9,111
9,112
9,113
9,114
9,115
9,116
9,117
9,118
9,119
9,120
9,121
9,122
9,123
9,124
9,134
9,135
9,136
9,137
9,138
9,139
9,140
9,141
9,142
9,143
9,144
9,145
9,148
9,149
9,182
9,183
9,184
9,185
9,186
9,187
9,188
9,191
9,192
9,193
9,194
9,195
9,196
9,197
9,198
9,199
9,200
9,201
9,202
9,203
9,204
9,205
9,206
9,207
9,208
9,209
9,210
9,211
9,212
9,213
9,214
9,215
9,225
9,226
9,227
9,228
9,229
9,230
9,231
9,232
9,233
9,234
9,235
9,236
9,239
9,240
9,241
9,277
9,278
9,279
9,280
9,281
9,284
9,285
9,286
9,289
9,290
9,291
9,306
9,307
9,308
9,309
9,310
9,311
9,312
9,313
9,314
10,18
10,19
10,20
10,21
10,22
10,25
10,26
10,30
10,31
10,49
10,50
10,51
10,52
10,53
10,54
10,55
10,57
10,58
10,92
10,93
10,94
10,95
10,96
10,97
10,98
10,99
10,100
10,101
10,102
10,103
10,104
10,105
10,106
10,107
10,108
10,109
10,110
10,111
10,112
10,113
10,114
10,115
10,116
10,117
10,118
10,119
10,120
10,121
10,122
10,123
10,124
10,125
10,126
10,127
10,128
10,129
10,130
10,131
10,132
10,133
10,134
10,135
10,136
10,137
10,138
10,139
10,140
10,141
10,142
10,143
10,144
10,147
10,148
10,149
10,150
10,184
10,185
10,186
10,187
10,188
10,189
10,190
10,191
10,192
10,193
10,194
10,195
10,196
10,197
10,198
10,199
10,200
10,201
10,202
10,203
10,204
10,205
10,206
10,207
10,208
10,209
10,210
10,211
10,212
10,213
10,214
10,215
10,216
10,217
10,218
10,219
10,220
10,221
10,222
10,223
10,224
10,225
10,226
10,227
10,228
10,229
10,230
10,231
10,232
10,233
10,234
10,235
10,238
10,239
10,240
10,241
10,276
10,277
10,278
10,279
10,280
10,283
10,284
10,288
10,289
10,307
10,308
10,309
10,310
10,311
10,312
10,313
10,315
10,316
11,17
11,18
11,19
11,20
11,21
11,29
11,50
11,51
11,52
11,53
11,54
11,55
11,58
11,59
11,91
11,92
11,93
11,94
11,95
11,96
11,97
11,98
11,99
11,100
11,101
11,102
11,103
11,104
11,105
11,106
11,107
11,108
11,109
11,110
11,111
11,112
11,113
11,114
11,115
11,116
11,117
11,118
11,119
11,120
11,121
11,122
11,123
11,124
11,125
11,126
11,127
11,128
11,129
11,130
11,131
11,132
11,133
11,134
11,135
11,136
11,137
11,138
11,139
11,140
11,141
11,142
11,143
11,144
11,146
11,147
11,148
11,149
11,182
11,183
11,184
11,185
11,186
11,187
11,188
11,189
11,190
11,191
11,192
11,193
11,194
11,195
11,196
11,197
11,198
11,199
11,200
11,201
11,202
11,203
11,204
11,205
11,206
11,207
11,208
11,209
11,210
11,211
11,212
11,213
11,214
11,215
11,216
11,217
11,218
11,219
11,220
11,221
11,222
11,223
11,224
11,225
11,226
11,227
11,228
11,229
11,230
11,231
11,232
11,233
11,234
11,235
11,237
11,238
11,239
11,240
11,275
11,276
11,277
11,278
11,279
11,287
11,308
11,309
11,310
11,311
11,312
11,313
11,316
11,317
12,16
12,17
12,18
12,19
12,20
12,21
12,22
12,50
12,51
12,52
12,53
12,54
12,55
12,59
12,60
12,87
12,88
12,89
12,90
12,91
12,92
12,93
12,94
12,95
12,96
12,97
12,98
12,99
12,100
12,101
12,102
12,103
12,104
12,105
12,106
12,107
12,108
12,109
12,110
12,111
12,112
12,113
12,114
12,115
12,116
12,117
12,118
12,119
12,120
12,121
12,122
12,123
12,124
12,125
12,126
12,127
12,128
12,129
12,130
12,131
12,132
12,133
12,134
12,135
12,136
12,137
12,138
12,139
12,140
12,141
12,142
12,143
12,145
12,146
12,147
12,148
12,149
12,178
12,179
12,180
12,181
12,182
12,183
12,184
12,185
12,186
12,187
12,188
12,189
12,190
12,191
12,192
12,193
12,194
12,195
12,196
12,197
12,198
12,199
12,200
12,201
12,202
12,203
12,204
12,205
12,206
12,207
12,208
12,209
12,210
12,211
12,212
12,213
12,214
12,215
12,216
12,217
12,218
12,219
12,220
12,221
12,222
12,223
12,224
12,225
12,226
12,227
12,228
12,229
12,230
12,231
12,232
12,233
12,234
12,237
12,238
12,239
12,240
12,274
12,275
12,276
12,277
12,278
12,279
12,280
12,308
12,309
12,310
12,311
12,312
12,313
12,317
12,318
13,15
13,16
13,17
13,18
13,19
13,20
13,21
13,50
13,51
13,52
13,53
13,54
13,55
13,60
13,61
13,86
13,87
13,88
13,89
13,90
13,91
13,92
13,93
13,94
13,95
13,96
13,97
13,98
13,99
13,100
13,101
13,102
13,103
13,104
13,105
13,106
13,107
13,108
13,109
13,110
13,111
13,112
13,113
13,114
13,115
13,116
13,117
13,118
13,119
13,120
13,121
13,122
13,123
13,124
13,125
13,126
13,127
13,128
13,129
13,130
13,131
13,132
13,133
13,134
13,135
13,136
13,137
13,138
13,139
13,140
13,141
13,142
13,145
13,146
13,147
13,148
13,177
13,178
13,179
13,180
13,181
13,182
13,183
13,184
13,185
13,186
13,187
13,188
13,189
13,190
13,191
13,192
13,193
13,194
13,195
13,196
13,197
13,198
13,199
13,200
13,201
13,202
13,203
13,204
13,205
13,206
13,207
13,208
13,209
13,210
13,211
13,212
13,213
13,214
13,215
13,216
13,217
13,218
13,219
13,220
13,221
13,222
13,223
13,224
13,225
13,226
13,227
13,228
13,229
13,230
13,231
13,232
13,233
13,236
13,237
13,238
13,239
13,273
13,274
13,275
13,276
13,277
13,278
13,279
13,308
13,309
13,310
13,311
13,312
13,313
13,318
13,319
14,15
14,16
14,17
14,18
14,19
14,51
14,52
14,53
14,54
14,55
14,56
14,61
14,87
14,88
14,89
14,90
14,91
14,92
14,93
14,94
14,95
14,96
14,97
14,98
14,99
14,100
14,101
14,102
14,103
14,104
14,105
14,106
14,107
14,108
14,109
14,110
14,111
14,112
14,113
14,114
14,115
14,131
14,132
14,133
14,134
14,135
14,136
14,137
14,138
14,139
14,140
14,141
14,142
14,144
14,145
14,146
14,147
14,178
14,179
14,180
14,181
14,182
14,183
14,184
14,185
14,186
14,187
14,188
14,189
14,190
14,191
14,192
14,193
14,194
14,195
14,196
14,197
14,198
14,199
14,200
14,201
14,202
14,203
14,204
14,205
14,206
14,222
14,223
14,224
14,225
14,226
14,227
14,228
14,229
14,230
14,231
14,232
14,233
14,235
14,236
14,237
14,238
14,273
14,274
14,275
14,276
14,277
14,309
14,310
14,311
14,312
14,313
14,314
14,319
15,14
15,15
15,16
15,17
15,18
15,51
15,52
15,53
15,54
15,55
15,56
15,61
15,62
15,131
15,132
15,133
15,134
15,135
15,136
15,137
15,138
15,139
15,140
15,141
15,142
15,143
15,144
15,145
15,146
15,222
15,223
15,224
15,225
15,226
15,227
15,228
15,229
15,230
15,231
15,232
15,233
15,234
15,235
15,236
15,237
15,272
15,273
15,274
15,275
15,276
15,309
15,310
15,311
15,312
15,313
15,314
15,319
15,320
16,13
16,14
16,15
16,16
16,17
16,51
16,52
16,53
16,54
16,55
16,56
16,57
16,61
16,62
16,130
16,131
16,132
16,133
16,134
16,135
16,136
16,137
16,138
16,139
16,140
16,141
16,142
16,143
16,144
16,145
16,221
16,222
16,223
16,224
16,225
16,226
16,227
16,228
16,229
16,230
16,231
16,232
16,233
16,234
16,235
16,236
16,271
16,272
16,273
16,274
16,275
16,309
16,310
16,311
16,312
16,313
16,314
16,315
16,319
16,320
17,12
17,13
17,14
17,15
17,16
17,17
17,51
17,52
17,55
17,56
17,57
17,61
17,62
17,129
17,130
17,131
17,132
17,133
17,134
17,135
17,136
17,137
17,138
17,139
17,140
17,141
17,142
17,143
17,144
17,220
17,221
17,222
17,223
17,224
17,225
17,226
17,227
17,228
17,229
17,230
17,231
17,232
17,233
17,234
17,235
17,270
17,271
17,272
17,273
17,274
17,275
17,309
17,310
17,311
17,313
17,314
17,315
17,320
18,12
18,13
18,14
18,15
18,16
18,51
18,52
18,55
18,56
18,57
18,58
18,61
18,62
18,128
18,129
18,130
18,131
18,132
18,133
18,134
18,135
18,136
18,137
18,138
18,139
18,140
18,141
18,142
18,143
18,219
18,220
18,221
18,222
18,223
18,224
18,225
18,226
18,227
18,228
18,229
18,230
18,231
18,232
18,233
18,234
18,270
18,271
18,272
18,273
18,274
18,309
18,310
18,313
18,314
18,315
18,316
18,319
18,320
19,11
19,12
19,13
19,14
19,15
19,50
19,51
19,52
19,54
19,55
19,57
19,58
19,62
19,127
19,128
19,129
19,130
19,131
19,132
19,133
19,134
19,135
19,136
19,137
19,138
19,139
19,140
19,141
19,142
19,218
19,219
19,220
19,221
19,222
19,223
19,224
19,225
19,226
19,227
19,228
19,229
19,230
19,231
19,232
19,233
19,269
19,270
19,271
19,272
19,273
19,308
19,309
19,310
19,312
19,313
19,315
19,316
19,320
20,10
20,11
20,12
20,13
20,14
20,15
20,50
20,51
20,52
20,54
20,55
20,57
20,58
20,62
20,127
20,128
20,129
20,130
20,131
20,132
20,133
20,134
20,135
20,136
20,137
20,138
20,139
20,140
20,141
20,218
20,219
20,220
20,221
20,222
20,223
20,224
20,225
20,226
20,227
20,228
20,229
20,230
20,231
20,232
20,268
20,269
20,270
20,271
20,272
20,273
20,308
20,309
20,310
20,312
20,313
20,315
20,316
20,320
21,9
21,10
21,11
21,12
21,13
21,14
21,49
21,50
21,51
21,52
21,54
21,57
21,58
21,61
21,62
21,126
21,127
21,128
21,129
21,130
21,131
21,132
21,133
21,134
21,135
21,136
21,137
21,138
21,139
21,140
21,217
21,218
21,219
21,220
21,221
21,222
21,223
21,224
21,225
21,226
21,227
21,228
21,229
21,230
21,231
21,267
21,268
21,269
21,270
21,271
21,272
21,307
21,308
21,309
21,310
21,312
21,315
21,316
21,320
22,9
22,10
22,11
22,12
22,13
22,14
22,49
22,50
22,51
22,52
22,53
22,54
22,57
22,58
22,61
22,125
22,126
22,127
22,128
22,129
22,130
22,131
22,132
22,133
22,134
22,135
22,136
22,137
22,138
22,139
22,140
22,217
22,218
22,219
22,220
22,221
22,222
22,223
22,224
22,225
22,226
22,227
22,228
22,229
22,230
22,231
22,267
22,268
22,269
22,270
22,271
22,272
22,307
22,308
22,309
22,310
22,311
22,312
22,315
22,316
22,319
22,320
23,8
23,9
23,10
23,11
23,12
23,13
23,48
23,49
23,50
23,51
23,52
23,53
23,54
23,57
23,58
23,61
23,125
23,126
23,127
23,128
23,129
23,130
23,131
23,132
23,133
23,134
23,135
23,136
23,137
23,138
23,139
23,140
23,141
23,216
23,217
23,218
23,219
23,220
23,221
23,222
23,223
23,224
23,225
23,226
23,227
23,228
23,229
23,230
23,231
23,232
23,266
23,267
23,268
23,269
23,270
23,271
23,306
23,307
23,308
23,309
23,310
23,311
23,312
23,315
23,316
23,319
24,7
24,8
24,9
24,10
24,11
24,12
24,13
24,48
24,49
24,50
24,51
24,52
24,53
24,57
24,58
24,61
24,124
24,125
24,126
24,127
24,128
24,129
24,130
24,131
24,132
24,133
24,134
24,135
24,136
24,137
24,138
24,139
24,140
24,141
24,215
24,216
24,217
24,218
24,219
24,220
24,221
24,222
24,223
24,224
24,225
24,226
24,227
24,228
24,229
24,230
24,231
24,232
24,265
24,266
24,267
24,268
24,269
24,270
24,271
24,306
24,307
24,308
24,309
24,310
24,311
24,315
24,316
24,319
25,7
25,8
25,9
25,10
25,11
25,12
25,13
25,47
25,48
25,49
25,50
25,51
25,52
25,53
25,57
25,58
25,124
25,125
25,126
25,127
25,128
25,129
25,130
25,131
25,132
25,133
25,134
25,135
25,136
25,137
25,138
25,139
25,140
25,215
25,216
25,217
25,218
25,219
25,220
25,221
25,222
25,223
25,224
25,225
25,226
25,227
25,228
25,229
25,230
25,231
25,265
25,266
25,267
25,268
25,269
25,270
25,271
25,305
25,306
25,307
25,308
25,309
25,310
25,311
25,315
25,316
25,319
26,6
26,7
26,8
26,9
26,10
26,11
26,12
26,13
26,46
26,47
26,48
26,49
26,50
26,51
26,52
26,57
26,58
26,59
26,60
26,123
26,124
26,125
26,126
26,127
26,128
26,129
26,130
26,131
26,132
26,133
26,134
26,135
26,136
26,137
26,138
26,139
26,214
26,215
26,216
26,217
26,218
26,219
26,220
26,221
26,222
26,223
26,224
26,225
26,226
26,227
26,228
26,229
26,230
26,264
26,265
26,266
26,267
26,268
26,269
26,270
26,271
26,305
26,306
26,307
26,308
26,309
26,310
26,315
26,316
26,317
26,318
27,6
27,7
27,8
27,9
27,10
27,11
27,12
27,46
27,47
27,48
27,49
27,50
27,51
27,57
27,58
27,59
27,60
27,122
27,123
27,124
27,125
27,126
27,127
27,128
27,129
27,130
27,131
27,132
27,133
27,134
27,135
27,136
27,137
27,138
27,139
27,213
27,214
27,215
27,216
27,217
27,218
27,219
27,220
27,221
27,222
27,223
27,224
27,225
27,226
27,227
27,228
27,229
27,230
27,264
27,265
27,266
27,267
27,268
27,269
27,270
27,304
27,305
27,306
27,307
27,308
27,309
27,310
27,315
27,316
27,317
27,318
28,5
28,6
28,7
28,8
28,9
28,10
28,11
28,12
28,45
28,46
28,47
28,48
28,49
28,50
28,51
28,57
28,58
28,59
28,122
28,123
28,124
28,125
28,126
28,127
28,128
28,129
28,130
28,131
28,132
28,133
28,134
28,135
28,136
28,137
28,138
28,213
28,214
28,215
28,216
28,217
28,218
28,219
28,220
28,221
28,222
28,223
28,224
28,225
28,226
28,227
28,228
28,229
28,263
28,264
28,265
28,266
28,267
28,268
28,269
28,270
28,303
28,304
28,305
28,306
28,307
28,308
28,309
28,315
28,316
28,317
29,5
29,6
29,7
29,8
29,9
29,10
29,11
29,12
29,44
29,45
29,46
29,47
29,48
29,49
29,50
29,56
29,57
29,58
29,59
29,114
29,115
29,116
29,121
29,122
29,123
29,124
29,125
29,126
29,127
29,128
29,129
29,130
29,131
29,132
29,134
29,135
29,136
29,137
29,205
29,206
29,207
29,212
29,213
29,214
29,215
29,216
29,217
29,218
29,219
29,220
29,221
29,222
29,223
29,225
29,226
29,227
29,228
29,263
29,264
29,265
29,266
29,267
29,268
29,269
29,270
29,302
29,303
29,304
29,305
29,306
29,307
29,308
29,314
29,315
29,316
29,317
30,5
30,6
30,7
30,8
30,9
30,10
30,11
30,12
30,43
30,44
30,45
30,46
30,47
30,48
30,49
30,56
30,57
30,58
30,114
30,115
30,116
30,117
30,118
30,119
30,120
30,121
30,122
30,123
30,124
30,125
30,126
30,127
30,128
30,129
30,130
30,131
30,133
30,134
30,135
30,136
30,205
30,206
30,207
30,208
30,209
30,210
30,211
30,212
30,213
30,214
30,215
30,216
30,217
30,218
30,219
30,220
30,221
30,222
30,224
30,225
30,226
30,227
30,263
30,264
30,265
30,266
30,267
30,268
30,269
30,270
30,301
30,302
30,303
30,304
30,305
30,306
30,307
30,314
30,315
30,316
31,4
31,5
31,6
31,7
31,8
31,9
31,10
31,11
31,12
31,42
31,43
31,44
31,45
31,46
31,47
31,48
31,49
31,55
31,56
31,57
31,114
31,115
31,116
31,117
31,118
31,119
31,120
31,121
31,122
31,123
31,124
31,125
31,126
31,127
31,128
31,129
31,130
31,133
31,134
31,135
31,205
31,206
31,207
31,208
31,209
31,210
31,211
31,212
31,213
31,214
31,215
31,216
31,217
31,218
31,219
31,220
31,221
31,224
31,225
31,226
31,262
31,263
31,264
31,265
31,266
31,267
31,268
31,269
31,270
31,300
31,301
31,302
31,303
31,304
31,305
31,306
31,307
31,313
31,314
31,315
32,4
32,5
32,7
32,8
32,9
32,10
32,11
32,12
32,41
32,42
32,43
32,44
32,45
32,46
32,47
32,48
32,55
32,56
32,57
32,114
32,115
32,116
32,117
32,118
32,119
32,120
32,121
32,122
32,123
32,124
32,125
32,126
32,127
32,128
32,129
32,132
32,133
32,134
32,135
32,205
32,206
32,207
32,208
32,209
32,210
32,211
32,212
32,213
32,214
32,215
32,216
32,217
32,218
32,219
32,220
32,223
32,224
32,225
32,226
32,262
32,263
32,265
32,266
32,267
32,268
32,269
32,270
32,299
32,300
32,301
32,302
32,303
32,304
32,305
32,306
32,313
32,314
32,315
33,4
33,5
33,7
33,8
33,9
33,11
33,12
33,40
33,41
33,42
33,43
33,44
33,45
33,46
33,47
33,54
33,55
33,56
33,114
33,115
33,116
33,117
33,118
33,119
33,120
33,121
33,122
33,123
33,124
33,125
33,126
33,127
33,128
33,131
33,132
33,133
33,134
33,205
33,206
33,207
33,208
33,209
33,210
33,211
33,212
33,213
33,214
33,215
33,216
33,217
33,218
33,219
33,222
33,223
33,224
33,225
33,262
33,263
33,265
33,266
33,267
33,269
33,270
33,298
33,299
33,300
33,301
33,302
33,303
33,304
33,305
33,312
33,313
33,314
34,4
34,5
34,7
34,8
34,9
34,11
34,12
34,38
34,39
34,40
34,41
34,42
34,43
34,44
34,45
34,46
34,53
34,54
34,55
34,114
34,115
34,116
34,117
34,118
34,119
34,120
34,121
34,122
34,123
34,124
34,125
34,126
34,127
34,131
34,132
34,133
34,205
34,206
34,207
34,208
34,209
34,210
34,211
34,212
34,213
34,214
34,215
34,216
34,217
34,218
34,222
34,223
34,224
34,262
34,263
34,265
34,266
34,267
34,269
34,270
34,296
34,297
34,298
34,299
34,300
34,301
34,302
34,303
34,304
34,311
34,312
34,313
35,4
35,5
35,7
35,8
35,9
35,10
35,11
35,12
35,37
35,38
35,39
35,40
35,41
35,42
35,43
35,44
35,45
35,52
35,53
35,54
35,114
35,115
35,116
35,117
35,118
35,119
35,120
35,121
35,122
35,123
35,124
35,125
35,126
35,130
35,131
35,132
35,205
35,206
35,207
35,208
35,209
35,210
35,211
35,212
35,213
35,214
35,215
35,216
35,217
35,221
35,222
35,223
35,262
35,263
35,265
35,266
35,267
35,268
35,269
35,270
35,295
35,296
35,297
35,298
35,299
35,300
35,301
35,302
35,303
35,310
35,311
35,312
35,313
36,4
36,5
36,7
36,8
36,9
36,10
36,11
36,12
36,35
36,36
36,37
36,38
36,39
36,40
36,41
36,42
36,43
36,52
36,53
36,54
36,114
36,115
36,116
36,117
36,118
36,119
36,120
36,121
36,122
36,123
36,124
36,125
36,129
36,130
36,131
36,205
36,206
36,207
36,208
36,209
36,210
36,211
36,212
36,213
36,214
36,215
36,216
36,220
36,221
36,222
36,262
36,263
36,265
36,266
36,267
36,268
36,269
36,270
36,293
36,294
36,295
36,296
36,297
36,298
36,299
36,300
36,301
36,310
36,311
36,312
37,5
37,6
37,7
37,8
37,9
37,10
37,11
37,12
37,13
37,33
37,34
37,35
37,36
37,37
37,38
37,39
37,40
37,41
37,42
37,51
37,52
37,53
37,114
37,115
37,116
37,117
37,118
37,119
37,120
37,121
37,122
37,123
37,124
37,125
37,128
37,129
37,130
37,205
37,206
37,207
37,208
37,209
37,210
37,211
37,212
37,213
37,214
37,215
37,216
37,219
37,220
37,221
37,263
37,264
37,265
37,266
37,267
37,268
37,269
37,270
37,271
37,291
37,292
37,293
37,294
37,295
37,296
37,297
37,298
37,299
37,300
37,309
37,310
37,311
38,5
38,6
38,7
38,8
38,9
38,10
38,11
38,12
38,13
38,14
38,31
38,32
38,33
38,34
38,35
38,36
38,37
38,38
38,39
38,40
38,41
38,50
38,51
38,52
38,114
38,115
38,116
38,117
38,118
38,119
38,120
38,121
38,122
38,123
38,124
38,125
38,126
38,127
38,128
38,129
38,205
38,206
38,207
38,208
38,209
38,210
38,211
38,212
38,213
38,214
38,215
38,216
38,217
38,218
38,219
38,220
38,263
38,264
38,265
38,266
38,267
38,268
38,269
38,270
38,271
38,272
38,289
38,290
38,291
38,292
38,293
38,294
38,295
38,296
38,297
38,298
38,299
38,308
38,309
38,310
39,5
39,6
39,7
39,8
39,9
39,10
39,11
39,12
39,14
39,15
39,28
39,29
39,30
39,31
39,32
39,33
39,34
39,35
39,36
39,37
39,38
39,39
39,49
39,50
39,51
39,114
39,115
39,116
39,117
39,118
39,119
39,120
39,121
39,122
39,123
39,124
39,125
39,126
39,127
39,128
39,129
39,205
39,206
39,207
39,208
39,209
39,210
39,211
39,212
39,213
39,214
39,215
39,216
39,217
39,218
39,219
39,220
39,263
39,264
39,265
39,266
39,267
39,268
39,269
39,270
39,272
39,273
39,286
39,287
39,288
39,289
39,290
39,291
39,292
39,293
39,294
39,295
39,296
39,297
39,307
39,308
39,309
40,6
40,7
40,8
40,9
40,10
40,11
40,12
40,15
40,16
40,23
40,24
40,25
40,26
40,27
40,28
40,29
40,30
40,31
40,32
40,33
40,34
40,35
40,36
40,37
40,47
40,48
40,49
40,114
40,115
40,116
40,117
40,118
40,119
40,120
40,121
40,122
40,123
40,124
40,125
40,126
40,127
40,128
40,129
40,205
40,206
40,207
40,208
40,209
40,210
40,211
40,212
40,213
40,214
40,215
40,216
40,217
40,218
40,219
40,220
40,264
40,265
40,266
40,267
40,268
40,269
40,270
40,273
40,274
40,281
40,282
40,283
40,284
40,285
40,286
40,287
40,288
40,289
40,290
40,291
40,292
40,293
40,294
40,295
40,305
40,306
40,307
41,6
41,7
41,8
41,9
41,10
41,11
41,12
41,13
41,16
41,17
41,18
41,19
41,20
41,21
41,22
41,23
41,24
41,25
41,26
41,27
41,28
41,29
41,30
41,31
41,32
41,33
41,34
41,35
41,36
41,37
41,46
41,47
41,48
41,113
41,114
41,115
41,116
41,117
41,118
41,119
41,120
41,121
41,122
41,123
41,124
41,125
41,126
41,127
41,128
41,129
41,204
41,205
41,206
41,207
41,208
41,209
41,210
41,211
41,212
41,213
41,214
41,215
41,216
41,217
41,218
41,219
41,220
41,264
41,265
41,266
41,267
41,268
41,269
41,270
41,271
41,274
41,275
41,276
41,277
41,278
41,279
41,280
41,281
41,282
41,283
41,284
41,285
41,286
41,287
41,288
41,289
41,290
41,291
41,292
41,293
41,294
41,295
41,304
41,305
41,306
42,7
42,8
42,9
42,10
42,11
42,12
42,13
42,14
42,15
42,16
42,17
42,18
42,19
42,20
42,21
42,22
42,23
42,24
42,25
42,26
42,27
42,28
42,29
42,30
42,31
42,32
42,33
42,34
42,35
42,36
42,37
42,38
42,39
42,40
42,41
42,42
42,43
42,44
42,45
42,46
42,47
42,112
42,113
42,114
42,115
42,116
42,117
42,118
42,119
42,120
42,121
42,122
42,123
42,124
42,125
42,126
42,127
42,128
42,129
42,130
42,204
42,205
42,206
42,207
42,208
42,209
42,210
42,211
42,212
42,213
42,214
42,215
42,216
42,217
42,218
42,219
42,220
42,221
42,265
42,266
42,267
42,268
42,269
42,270
42,271
42,272
42,273
42,274
42,275
42,276
42,277
42,278
42,279
42,280
42,281
42,282
42,283
42,284
42,285
42,286
42,287
42,288
42,289
42,290
42,291
42,292
42,293
42,294
42,295
42,296
42,297
42,298
42,299
42,300
42,301
42,302
42,303
42,304
42,305
43,7
43,10
43,11
43,12
43,13
43,14
43,15
43,16
43,17
43,18
43,19
43,20
43,21
43,22
43,23
43,24
43,25
43,26
43,27
43,28
43,29
43,30
43,31
43,32
43,33
43,40
43,41
43,42
43,43
43,44
43,45
43,46
43,112
43,113
43,114
43,115
43,116
43,117
43,118
43,119
43,120
43,121
43,122
43,123
43,124
43,125
43,126
43,127
43,128
43,129
43,130
43,131
43,203
43,204
43,205
43,206
43,207
43,208
43,209
43,210
43,211
43,212
43,213
43,214
43,215
43,216
43,217
43,218
43,219
43,220
43,221
43,222
43,265
43,268
43,269
43,270
43,271
43,272
43,273
43,274
43,275
43,276
43,277
43,278
43,279
43,280
43,281
43,282
43,283
43,284
43,285
43,286
43,287
43,288
43,289
43,290
43,291
43,298
43,299
43,300
43,301
43,302
43,303
43,304
44,10
44,11
44,12
44,13
44,14
44,15
44,16
44,17
44,18
44,19
44,20
44,21
44,22
44,23
44,24
44,25
44,26
44,27
44,28
44,29
44,30
44,31
44,32
44,33
44,34
44,35
44,36
44,37
44,38
44,39
44,40
44,41
44,42
44,43
44,44
44,45
44,46
44,111
44,112
44,113
44,114
44,115
44,116
44,117
44,118
44,119
44,120
44,121
44,122
44,123
44,124
44,125
44,126
44,127
44,128
44,129
44,130
44,131
44,132
44,202
44,203
44,204
44,205
44,206
44,207
44,208
44,209
44,210
44,211
44,212
44,213
44,214
44,215
44,216
44,217
44,218
44,219
44,220
44,221
44,222
44,223
44,268
44,269
44,270
44,271
44,272
44,273
44,274
44,275
44,276
44,277
44,278
44,279
44,280
44,281
44,282
44,283
44,284
44,285
44,286
44,287
44,288
44,289
44,290
44,291
44,292
44,293
44,294
44,295
44,296
44,297
44,298
44,299
44,300
44,301
44,302
44,303
44,304
45,10
45,11
45,12
45,13
45,14
45,15
45,16
45,17
45,18
45,19
45,20
45,21
45,22
45,23
45,24
45,25
45,26
45,27
45,28
45,29
45,30
45,31
45,32
45,33
45,34
45,35
45,36
45,37
45,38
45,39
45,40
45,41
45,42
45,46
45,47
45,110
45,111
45,112
45,113
45,114
45,115
45,116
45,117
45,118
45,119
45,120
45,121
45,122
45,123
45,124
45,125
45,129
45,130
45,131
45,132
45,133
45,201
45,202
45,203
45,204
45,205
45,206
45,207
45,208
45,209
45,210
45,211
45,212
45,213
45,214
45,215
45,216
45,217
45,220
45,221
45,222
45,223
45,224
45,268
45,269
45,270
45,271
45,272
45,273
45,274
45,275
45,276
45,277
45,278
45,279
45,280
45,281
45,282
45,283
45,284
45,285
45,286
45,287
45,288
45,289
45,290
45,291
45,292
45,293
45,294
45,295
45,296
45,297
45,298
45,299
45,300
45,304
45,305
45,306
46,11
46,12
46,13
46,14
46,15
46,16
46,17
46,18
46,19
46,20
46,21
46,22
46,23
46,24
46,25
46,26
46,27
46,28
46,29
46,30
46,31
46,32
46,33
46,34
46,35
46,36
46,37
46,38
46,39
46,40
46,41
46,42
46,43
46,48
46,110
46,111
46,112
46,113
46,114
46,115
46,116
46,120
46,121
46,122
46,123
46,124
46,125
46,130
46,131
46,132
46,133
46,134
46,201
46,202
46,203
46,204
46,205
46,206
46,207
46,211
46,212
46,213
46,214
46,215
46,216
46,221
46,222
46,223
46,224
46,225
46,269
46,270
46,271
46,272
46,273
46,274
46,275
46,276
46,277
46,278
46,279
46,280
46,281
46,282
46,283
46,284
46,285
46,286
46,287
46,288
46,289
46,290
46,291
46,292
46,293
46,294
46,295
46,296
46,297
46,298
46,299
46,300
46,301
46,306
47,9
47,10
47,11
47,12
47,13
47,14
47,15
47,16
47,17
47,18
47,19
47,20
47,21
47,22
47,23
47,34
47,35
47,36
47,37
47,38
47,39
47,40
47,41
47,42
47,43
47,44
47,49
47,109
47,110
47,111
47,112
47,113
47,114
47,115
47,121
47,122
47,123
47,124
47,125
47,131
47,132
47,133
47,134
47,135
47,200
47,201
47,202
47,203
47,204
47,205
47,206
47,212
47,213
47,214
47,215
47,216
47,222
47,223
47,224
47,225
47,226
47,267
47,269
47,270
47,271
47,272
47,273
47,274
47,275
47,276
47,277
47,278
47,279
47,280
47,281
47,292
47,293
47,294
47,295
47,296
47,297
47,298
47,299
47,300
47,301
47,302
47,307
48,9
48,10
48,11
48,12
48,13
48,14
48,15
48,16
48,17
48,18
48,19
48,20
48,33
48,34
48,35
48,36
48,42
48,43
48,44
48,45
48,46
48,50
48,108
48,109
48,110
48,111
48,112
48,113
48,114
48,121
48,122
48,123
48,124
48,125
48,126
48,132
48,133
48,134
48,135
48,136
48,199
48,200
48,201
48,202
48,203
48,204
48,205
48,212
48,213
48,214
48,215
48,216
48,217
48,223
48,224
48,225
48,226
48,227
48,267
48,268
48,269
48,270
48,271
48,272
48,273
48,274
48,275
48,276
48,277
48,278
48,291
48,292
48,293
48,294
48,300
48,301
48,302
48,303
48,304
48,308
49,9
49,10
49,11
49,12
49,13
49,14
49,15
49,16
49,17
49,24
49,25
49,26
49,27
49,28
49,29
49,30
49,31
49,32
49,33
49,34
49,44
49,45
49,46
49,47
49,50
49,51
49,108
49,109
49,110
49,111
49,112
49,113
49,114
49,120
49,121
49,122
49,123
49,124
49,125
49,126
49,127
49,133
49,134
49,135
49,136
49,137
49,199
49,200
49,201
49,202
49,203
49,204
49,205
49,211
49,212
49,213
49,214
49,215
49,216
49,217
49,218
49,224
49,225
49,226
49,227
49,228
49,267
49,268
49,269
49,270
49,271
49,272
49,273
49,274
49,275
49,282
49,283
49,284
49,285
49,286
49,287
49,288
49,289
49,290
49,291
49,292
49,302
49,303
49,304
49,305
49,308
49,309
50,9
50,10
50,11
50,12
50,13
50,14
50,15
50,19
50,20
50,21
50,22
50,23
50,24
50,25
50,26
50,27
50,28
50,29
50,30
50,31
50,32
50,33
50,45
50,46
50,47
50,48
50,51
50,107
50,108
50,109
50,110
50,111
50,112
50,113
50,119
50,120
50,121
50,122
50,123
50,124
50,125
50,126
50,127
50,134
50,135
50,136
50,137
50,138
50,198
50,199
50,200
50,201
50,202
50,203
50,204
50,210
50,211
50,212
50,213
50,214
50,215
50,216
50,217
50,218
50,219
50,225
50,226
50,227
50,228
50,229
50,267
50,268
50,269
50,270
50,271
50,272
50,273
50,277
50,278
50,279
50,280
50,281
50,282
50,283
50,284
50,285
50,286
50,287
50,288
50,289
50,290
50,291
50,303
50,304
50,305
50,306
50,309
51,8
51,9
51,10
51,11
51,12
51,13
51,14
51,15
51,16
51,17
51,18
51,19
51,20
51,21
51,22
51,23
51,24
51,25
51,26
51,27
51,28
51,29
51,30
51,31
51,32
51,33
51,46
51,47
51,48
51,49
51,50
51,51
51,106
51,107
51,108
51,109
51,111
51,112
51,113
51,119
51,120
51,124
51,125
51,126
51,127
51,128
51,135
51,136
51,137
51,138
51,139
51,197
51,198
51,199
51,200
51,202
51,203
51,204
51,210
51,211
51,215
51,216
51,217
51,218
51,219
51,226
51,227
51,228
51,229
51,230
51,266
51,267
51,268
51,269
51,270
51,271
51,272
51,273
51,274
51,275
51,276
51,277
51,278
51,279
51,280
51,281
51,282
51,283
51,284
51,285
51,286
51,287
51,288
51,289
51,290
51,291
51,304
51,305
51,306
51,307
51,308
51,309
52,7
52,8
52,9
52,10
52,11
52,12
52,13
52,14
52,15
52,16
52,17
52,18
52,19
52,20
52,21
52,22
52,23
52,24
52,25
52,26
52,27
52,47
52,48
52,49
52,50
52,51
52,106
52,107
52,108
52,111
52,112
52,113
52,125
52,126
52,127
52,128
52,129
52,136
52,137
52,138
52,139
52,140
52,197
52,198
52,199
52,202
52,203
52,204
52,216
52,217
52,218
52,219
52,220
52,227
52,228
52,229
52,230
52,231
52,265
52,266
52,267
52,268
52,269
52,270
52,271
52,272
52,273
52,274
52,275
52,276
52,277
52,278
52,279
52,280
52,281
52,282
52,283
52,284
52,285
52,305
52,306
52,307
52,308
52,309
53,7
53,9
53,10
53,11
53,12
53,13
53,14
53,15
53,16
53,17
53,18
53,19
53,20
53,21
53,22
53,23
53,48
53,49
53,50
53,51
53,106
53,107
53,111
53,112
53,125
53,126
53,127
53,128
53,129
53,130
53,136
53,137
53,138
53,139
53,140
53,141
53,197
53,198
53,202
53,203
53,216
53,217
53,218
53,219
53,220
53,221
53,227
53,228
53,229
53,230
53,231
53,232
53,265
53,267
53,268
53,269
53,270
53,271
53,272
53,273
53,274
53,275
53,276
53,277
53,278
53,279
53,280
53,281
53,306
53,307
53,308
53,309
54,6
54,7
54,8
54,9
54,10
54,11
54,12
54,13
54,14
54,15
54,16
54,48
54,49
54,50
54,51
54,52
54,111
54,112
54,126
54,127
54,128
54,129
54,130
54,131
54,137
54,138
54,139
54,140
54,141
54,142
54,202
54,203
54,217
54,218
54,219
54,220
54,221
54,222
54,228
54,229
54,230
54,231
54,232
54,233
54,264
54,265
54,266
54,267
54,268
54,269
54,270
54,271
54,272
54,273
54,274
54,306
54,307
54,308
54,309
54,310
55,5
55,6
55,7
55,8
55,9
55,10
55,11
55,12
55,14
55,15
55,48
55,49
55,50
55,51
55,52
55,111
55,112
55,127
55,128
55,129
55,130
55,131
55,138
55,139
55,140
55,141
55,142
55,202
55,203
55,218
55,219
55,220
55,221
55,222
55,223
55,229
55,230
55,231
55,232
55,233
55,263
55,264
55,265
55,266
55,267
55,268
55,269
55,270
55,272
55,273
55,306
55,307
55,308
55,309
55,310
56,5
56,6
56,7
56,8
56,9
56,11
56,12
56,13
56,14
56,48
56,49
56,50
56,51
56,52
56,111
56,112
56,127
56,128
56,129
56,130
56,131
56,132
56,139
56,140
56,141
56,142
56,143
56,202
56,203
56,219
56,220
56,221
56,222
56,223
56,230
56,231
56,232
56,233
56,234
56,263
56,264
56,265
56,266
56,267
56,269
56,270
56,271
56,272
56,306
56,307
56,308
56,309
56,310
57,6
57,7
57,8
57,10
57,11
57,12
57,13
57,14
57,48
57,49
57,50
57,51
57,52
57,53
57,128
57,129
57,130
57,131
57,132
57,133
57,139
57,140
57,141
57,142
57,143
57,219
57,220
57,221
57,222
57,223
57,224
57,230
57,231
57,232
57,233
57,234
57,264
57,265
57,266
57,268
57,269
57,270
57,271
57,272
57,306
57,307
57,308
57,309
57,310
57,311
58,5
58,6
58,7
58,8
58,9
58,10
58,11
58,12
58,13
58,48
58,49
58,50
58,51
58,52
58,53
58,129
58,130
58,131
58,132
58,133
58,134
58,140
58,141
58,142
58,143
58,220
58,221
58,222
58,223
58,224
58,225
58,231
58,232
58,233
58,234
58,263
58,264
58,265
58,266
58,268
58,269
58,270
58,271
58,306
58,307
58,308
58,309
58,310
58,311
59,5
59,6
59,7
59,9
59,10
59,11
59,12
59,13
59,47
59,48
59,49
59,50
59,52
59,53
59,54
59,129
59,130
59,131
59,132
59,133
59,134
59,135
59,140
59,141
59,142
59,143
59,220
59,221
59,222
59,223
59,224
59,225
59,226
59,231
59,232
59,233
59,234
59,263
59,264
59,265
59,267
59,268
59,269
59,270
59,271
59,305
59,306
59,307
59,308
59,310
59,311
59,312
60,4
60,5
60,6
60,9
60,10
60,11
60,12
60,47
60,48
60,49
60,53
60,54
60,130
60,131
60,132
60,133
60,134
60,135
60,141
60,142
60,143
60,144
60,221
60,222
60,223
60,224
60,225
60,226
60,232
60,233
60,234
60,235
60,262
60,263
60,264
60,267
60,268
60,269
60,270
60,305
60,306
60,307
60,308
60,311
60,312
61,3
61,4
61,5
61,8
61,9
61,10
61,11
61,12
61,35
61,36
61,47
61,48
61,49
61,53
61,54
61,131
61,132
61,133
61,134
61,135
61,136
61,141
61,142
61,143
61,144
61,222
61,223
61,224
61,225
61,226
61,227
61,232
61,233
61,234
61,235
61,261
61,262
61,263
61,266
61,267
61,268
61,269
61,270
61,293
61,294
61,305
61,306
61,307
61,311
61,312
62,2
62,3
62,4
62,5
62,8
62,9
62,10
62,11
62,36
62,46
62,47
62,48
62,53
62,54
62,131
62,132
62,133
62,134
62,135
62,136
62,137
62,141
62,142
62,143
62,144
62,222
62,223
62,224
62,225
62,226
62,227
62,228
62,232
62,233
62,234
62,235
62,260
62,261
62,262
62,263
62,266
62,267
62,268
62,269
62,294
62,304
62,305
62,306
62,311
62,312
63,2
63,3
63,4
63,8
63,9
63,10
63,36
63,46
63,47
63,48
63,53
63,54
63,131
63,132
63,133
63,134
63,135
63,136
63,137
63,141
63,142
63,143
63,144
63,223
63,224
63,225
63,226
63,227
63,228
63,232
63,233
63,234
63,235
63,260
63,261
63,262
63,267
63,268
63,269
63,294
63,304
63,305
63,306
63,311
63,312
64,1
64,2
64,3
64,4
64,9
64,10
64,36
64,45
64,46
64,47
64,53
64,54
64,132
64,133
64,134
64,135
64,136
64,137
64,138
64,141
64,142
64,143
64,144
64,223
64,224
64,225
64,226
64,227
64,228
64,229
64,232
64,233
64,234
64,235
64,259
64,260
64,261
64,262
64,267
64,268
64,294
64,303
64,304
64,305
64,311
64,312
65,1
65,2
65,9
65,36
65,45
65,46
65,52
65,53
65,54
65,132
65,133
65,134
65,135
65,136
65,137
65,138
65,139
65,140
65,141
65,142
65,143
65,144
65,224
65,225
65,226
65,227
65,228
65,229
65,230
65,231
65,232
65,233
65,234
65,235
65,259
65,260
65,267
65,294
65,303
65,304
65,310
65,311
65,312
66,1
66,2
66,8
66,9
66,35
66,36
66,44
66,45
66,46
66,52
66,53
66,54
66,133
66,134
66,135
66,136
66,137
66,138
66,139
66,140
66,141
66,142
66,143
66,144
66,224
66,225
66,226
66,227
66,228
66,229
66,230
66,231
66,232
66,233
66,234
66,235
66,259
66,260
66,266
66,267
66,293
66,294
66,302
66,303
66,304
66,310
66,311
66,312
67,1
67,2
67,3
67,8
67,9
67,35
67,36
67,43
67,44
67,45
67,52
67,53
67,133
67,134
67,135
67,136
67,137
67,138
67,139
67,140
67,141
67,142
67,143
67,144
67,225
67,226
67,227
67,228
67,229
67,230
67,231
67,232
67,233
67,234
67,235
67,259
67,260
67,261
67,266
67,267
67,293
67,294
67,301
67,302
67,303
67,310
67,311
68,0
68,1
68,2
68,3
68,8
68,9
68,35
68,36
68,43
68,44
68,52
68,53
68,134
68,135
68,136
68,137
68,138
68,139
68,140
68,141
68,142
68,143
68,144
68,225
68,226
68,227
68,228
68,229
68,230
68,231
68,232
68,233
68,234
68,235
68,258
68,259
68,260
68,261
68,266
68,267
68,293
68,294
68,301
68,302
68,310
68,311
69,0
69,1
69,2
69,3
69,8
69,9
69,10
69,35
69,36
69,42
69,43
69,51
69,52
69,53
69,134
69,135
69,136
69,137
69,138
69,139
69,140
69,141
69,142
69,143
69,144
69,225
69,226
69,227
69,228
69,229
69,230
69,231
69,232
69,233
69,234
69,235
69,258
69,259
69,260
69,261
69,266
69,267
69,268
69,293
69,294
69,300
69,301
69,309
69,310
69,311
70,0
70,1
70,2
70,3
70,7
70,8
70,9
70,10
70,35
70,36
70,41
70,42
70,43
70,51
70,52
70,135
70,136
70,137
70,138
70,139
70,140
70,142
70,143
70,144
70,226
70,227
70,228
70,229
70,230
70,231
70,233
70,234
70,235
70,258
70,259
70,260
70,261
70,265
70,266
70,267
70,268
70,293
70,294
70,299
70,300
70,301
70,309
70,310
71,0
71,1
71,2
71,3
71,7
71,8
71,9
71,10
71,35
71,40
71,41
71,42
71,51
71,52
71,135
71,136
71,137
71,138
71,139
71,140
71,141
71,142
71,143
71,226
71,227
71,228
71,229
71,230
71,231
71,232
71,233
71,234
71,258
71,259
71,260
71,261
71,265
71,266
71,267
71,268
71,293
71,294
71,298
71,299
71,300
71,309
71,310
72,0
72,1
72,2
72,3
72,7
72,8
72,9
72,10
72,34
72,35
72,39
72,40
72,41
72,50
72,51
72,134
72,135
72,136
72,137
72,138
72,139
72,140
72,141
72,142
72,143
72,225
72,226
72,227
72,228
72,229
72,230
72,231
72,232
72,233
72,234
72,258
72,259
72,260
72,261
72,265
72,266
72,267
72,268
72,292
72,293
72,297
72,298
72,299
72,308
72,309
73,0
73,1
73,2
73,3
73,7
73,8
73,9
73,10
73,34
73,35
73,36
73,38
73,39
73,40
73,49
73,50
73,51
73,133
73,134
73,135
73,136
73,137
73,138
73,139
73,140
73,141
73,142
73,143
73,224
73,225
73,226
73,227
73,228
73,229
73,230
73,231
73,232
73,233
73,234
73,258
73,259
73,260
73,261
73,265
73,266
73,267
73,268
73,292
73,293
73,294
73,296
73,297
73,298
73,307
73,308
73,309
74,0
74,1
74,2
74,3
74,7
74,8
74,9
74,10
74,33
74,34
74,35
74,36
74,37
74,38
74,39
74,49
74,50
74,132
74,133
74,134
74,135
74,136
74,137
74,138
74,139
74,140
74,141
74,142
74,143
74,223
74,224
74,225
74,226
74,227
74,228
74,229
74,230
74,231
74,232
74,233
74,234
74,258
74,259
74,260
74,261
74,265
74,266
74,267
74,268
74,291
74,292
74,293
74,294
74,295
74,296
74,297
74,307
74,308
75,0
75,1
75,2
75,3
75,4
75,7
75,8
75,9
75,10
75,33
75,34
75,35
75,36
75,37
75,48
75,49
75,130
75,131
75,132
75,133
75,134
75,135
75,136
75,137
75,138
75,139
75,140
75,141
75,142
75,143
75,221
75,222
75,223
75,224
75,225
75,226
75,227
75,228
75,229
75,230
75,231
75,232
75,233
75,234
75,258
75,259
75,260
75,261
75,262
75,265
75,266
75,267
75,268
75,291
75,292
75,293
75,294
75,295
75,306
75,307
76,0
76,2
76,3
76,4
76,6
76,7
76,8
76,9
76,10
76,32
76,33
76,34
76,35
76,36
76,47
76,48
76,49
76,127
76,128
76,129
76,130
76,131
76,132
76,133
76,134
76,135
76,136
76,137
76,138
76,139
76,140
76,141
76,142
76,143
76,218
76,219
76,220
76,221
76,222
76,223
76,224
76,225
76,226
76,227
76,228
76,229
76,230
76,231
76,232
76,233
76,234
76,258
76,260
76,261
76,262
76,264
76,265
76,266
76,267
76,268
76,290
76,291
76,292
76,293
76,294
76,305
76,306
76,307
77,0
77,3
77,4
77,6
77,7
77,9
77,10
77,11
77,30
77,31
77,32
77,33
77,34
77,46
77,47
77,48
77,125
77,126
77,127
77,128
77,129
77,130
77,131
77,132
77,133
77,134
77,135
77,136
77,137
77,138
77,139
77,140
77,141
77,142
77,143
77,216
77,217
77,218
77,219
77,220
77,221
77,222
77,223
77,224
77,225
77,226
77,227
77,228
77,229
77,230
77,231
77,232
77,233
77,234
77,258
77,261
77,262
77,264
77,265
77,267
77,268
77,269
77,288
77,289
77,290
77,291
77,292
77,304
77,305
77,306
78,0
78,1
78,3
78,4
78,5
78,6
78,7
78,9
78,10
78,11
78,29
78,30
78,31
78,32
78,33
78,45
78,46
78,47
78,122
78,123
78,124
78,125
78,126
78,127
78,128
78,129
78,130
78,131
78,132
78,133
78,134
78,137
78,138
78,139
78,140
78,141
78,142
78,143
78,214
78,215
78,216
78,217
78,218
78,219
78,220
78,221
78,222
78,223
78,224
78,225
78,228
78,229
78,230
78,231
78,232
78,233
78,234
78,258
78,259
78,261
78,262
78,263
78,264
78,265
78,267
78,268
78,269
78,287
78,288
78,289
78,290
78,291
78,303
78,304
78,305
79,1
79,3
79,4
79,5
79,6
79,7
79,9
79,10
79,11
79,27
79,28
79,29
79,30
79,31
79,44
79,45
79,46
79,120
79,121
79,122
79,123
79,124
79,125
79,126
79,127
79,128
79,129
79,130
79,131
79,132
79,137
79,138
79,139
79,140
79,141
79,142
79,143
79,211
79,212
79,213
79,214
79,215
79,216
79,217
79,218
79,219
79,220
79,221
79,222
79,223
79,228
79,229
79,230
79,231
79,232
79,233
79,234
79,259
79,261
79,262
79,263
79,264
79,265
79,268
79,269
79,285
79,286
79,287
79,288
79,289
79,302
79,303
79,304
80,1
80,2
80,3
80,4
80,5
80,6
80,7
80,10
80,11
80,12
80,25
80,26
80,27
80,28
80,29
80,42
80,43
80,44
80,45
80,117
80,118
80,119
80,120
80,121
80,122
80,123
80,126
80,127
80,128
80,129
80,130
80,135
80,136
80,137
80,138
80,139
80,140
80,141
80,142
80,143
80,144
80,208
80,209
80,210
80,211
80,212
80,213
80,214
80,217
80,218
80,219
80,220
80,221
80,226
80,227
80,228
80,229
80,230
80,231
80,232
80,233
80,234
80,235
80,259
80,260
80,261
80,262
80,263
80,264
80,265
80,268
80,269
80,270
80,283
80,284
80,285
80,286
80,287
80,300
80,301
80,302
80,303
81,2
81,3
81,4
81,5
81,6
81,7
81,8
81,11
81,12
81,13
81,22
81,23
81,24
81,25
81,26
81,27
81,41
81,42
81,43
81,44
81,85
81,86
81,87
81,88
81,113
81,114
81,115
81,116
81,117
81,118
81,119
81,120
81,121
81,122
81,123
81,124
81,125
81,126
81,127
81,134
81,135
81,136
81,137
81,138
81,139
81,140
81,142
81,143
81,144
81,176
81,177
81,178
81,179
81,204
81,205
81,206
81,207
81,208
81,209
81,210
81,211
81,212
81,213
81,214
81,215
81,216
81,217
81,218
81,225
81,226
81,227
81,228
81,229
81,230
81,231
81,233
81,234
81,235
81,260
81,261
81,262
81,263
81,264
81,265
81,266
81,269
81,270
81,271
81,280
81,281
81,282
81,283
81,284
81,285
81,286
81,299
81,300
81,301
81,302
82,3
82,4
82,5
82,6
82,7
82,8
82,12
82,13
82,14
82,15
82,16
82,17
82,18
82,19
82,20
82,21
82,22
82,23
82,24
82,25
82,26
82,39
82,40
82,41
82,42
82,43
82,83
82,84
82,85
82,86
82,87
82,88
82,91
82,92
82,93
82,94
82,95
82,110
82,111
82,112
82,113
82,114
82,115
82,116
82,117
82,118
82,119
82,120
82,121
82,122
82,123
82,124
82,125
82,132
82,133
82,134
82,135
82,136
82,137
82,138
82,139
82,140
82,142
82,143
82,144
82,175
82,176
82,177
82,178
82,179
82,182
82,183
82,184
82,185
82,186
82,201
82,202
82,203
82,204
82,205
82,206
82,207
82,208
82,209
82,210
82,211
82,212
82,213
82,214
82,215
82,216
82,223
82,224
82,225
82,226
82,227
82,228
82,229
82,230
82,231
82,233
82,234
82,235
82,261
82,262
82,263
82,264
82,265
82,266
82,270
82,271
82,272
82,273
82,274
82,275
82,276
82,277
82,278
82,279
82,280
82,281
82,282
82,283
82,284
82,297
82,298
82,299
82,300
82,301
83,4
83,5
83,6
83,7
83,8
83,9
83,10
83,12
83,13
83,14
83,15
83,16
83,17
83,18
83,19
83,20
83,21
83,22
83,23
83,24
83,37
83,38
83,39
83,40
83,41
83,42
83,83
83,84
83,85
83,86
83,87
83,88
83,89
83,90
83,91
83,92
83,93
83,94
83,95
83,96
83,97
83,104
83,105
83,106
83,107
83,108
83,109
83,110
83,111
83,112
83,113
83,114
83,115
83,116
83,117
83,118
83,119
83,120
83,121
83,122
83,130
83,131
83,132
83,133
83,134
83,135
83,136
83,137
83,138
83,139
83,140
83,142
83,143
83,144
83,174
83,175
83,176
83,177
83,178
83,179
83,180
83,181
83,182
83,183
83,184
83,185
83,186
83,187
83,188
83,189
83,195
83,196
83,197
83,198
83,199
83,200
83,201
83,202
83,203
83,204
83,205
83,206
83,207
83,208
83,209
83,210
83,211
83,212
83,213
83,221
83,222
83,223
83,224
83,225
83,226
83,227
83,228
83,229
83,230
83,231
83,233
83,234
83,235
83,262
83,263
83,264
83,265
83,266
83,267
83,268
83,270
83,271
83,272
83,273
83,274
83,275
83,276
83,277
83,278
83,279
83,280
83,281
83,282
83,295
83,296
83,297
83,298
83,299
83,300
84,5
84,6
84,7
84,8
84,9
84,10
84,11
84,12
84,13
84,14
84,15
84,16
84,17
84,18
84,19
84,20
84,21
84,35
84,36
84,37
84,39
84,40
84,41
84,82
84,83
84,84
84,85
84,86
84,87
84,88
84,89
84,90
84,91
84,92
84,93
84,94
84,95
84,96
84,97
84,98
84,99
84,100
84,101
84,102
84,103
84,104
84,105
84,106
84,107
84,108
84,109
84,110
84,111
84,112
84,113
84,114
84,115
84,116
84,117
84,118
84,127
84,128
84,129
84,130
84,131
84,132
84,133
84,134
84,135
84,136
84,137
84,138
84,139
84,140
84,142
84,143
84,144
84,173
84,174
84,175
84,176
84,177
84,178
84,179
84,180
84,181
84,182
84,183
84,184
84,185
84,186
84,187
84,188
84,189
84,190
84,191
84,192
84,193
84,194
84,195
84,196
84,197
84,198
84,199
84,200
84,201
84,202
84,203
84,204
84,205
84,206
84,207
84,208
84,209
84,210
84,219
84,220
84,221
84,222
84,223
84,224
84,225
84,226
84,227
84,228
84,229
84,230
84,231
84,233
84,234
84,235
84,263
84,264
84,265
84,266
84,267
84,268
84,269
84,270
84,271
84,272
84,273
84,274
84,275
84,276
84,277
84,278
84,279
84,293
84,294
84,295
84,297
84,298
84,299
85,7
85,8
85,9
85,10
85,11
85,12
85,13
85,14
85,15
85,16
85,17
85,18
85,19
85,33
85,34
85,35
85,38
85,39
85,40
85,82
85,83
85,84
85,85
85,86
85,87
85,88
85,89
85,90
85,91
85,92
85,93
85,94
85,95
85,96
85,97
85,98
85,99
85,100
85,101
85,102
85,103
85,104
85,105
85,106
85,107
85,108
85,109
85,110
85,111
85,112
85,113
85,114
85,115
85,116
85,124
85,125
85,126
85,127
85,128
85,129
85,130
85,131
85,132
85,137
85,138
85,139
85,140
85,141
85,142
85,143
85,173
85,174
85,175
85,176
85,177
85,178
85,179
85,180
85,181
85,182
85,183
85,184
85,185
85,186
85,187
85,188
85,189
85,190
85,191
85,192
85,193
85,194
85,195
85,196
85,197
85,198
85,199
85,200
85,201
85,202
85,203
85,204
85,205
85,206
85,207
85,215
85,216
85,217
85,218
85,219
85,220
85,221
85,222
85,223
85,228
85,229
85,230
85,231
85,232
85,233
85,234
85,265
85,266
85,267
85,268
85,269
85,270
85,271
85,272
85,273
85,274
85,275
85,276
85,277
85,291
85,292
85,293
85,296
85,297
85,298
86,8
86,9
86,10
86,11
86,12
86,13
86,14
86,15
86,29
86,30
86,31
86,32
86,33
86,37
86,38
86,39
86,83
86,84
86,85
86,86
86,87
86,88
86,89
86,90
86,91
86,92
86,93
86,94
86,95
86,96
86,97
86,98
86,99
86,100
86,101
86,102
86,103
86,104
86,105
86,106
86,107
86,108
86,109
86,110
86,111
86,112
86,113
86,114
86,115
86,116
86,117
86,118
86,119
86,120
86,121
86,122
86,123
86,124
86,125
86,126
86,127
86,128
86,129
86,130
86,137
86,138
86,139
86,140
86,141
86,142
86,174
86,175
86,176
86,177
86,178
86,179
86,180
86,181
86,182
86,183
86,184
86,185
86,186
86,187
86,188
86,189
86,190
86,191
86,192
86,193
86,194
86,195
86,196
86,197
86,198
86,199
86,200
86,201
86,202
86,203
86,204
86,205
86,206
86,207
86,208
86,209
86,210
86,211
86,212
86,213
86,214
86,215
86,216
86,217
86,218
86,219
86,220
86,221
86,228
86,229
86,230
86,231
86,232
86,233
86,266
86,267
86,268
86,269
86,270
86,271
86,272
86,273
86,288
86,289
86,290
86,291
86,295
86,296
86,297
87,9
87,10
87,11
87,12
87,13
87,14
87,15
87,25
87,26
87,27
87,28
87,29
87,30
87,36
87,37
87,38
87,84
87,85
87,86
87,87
87,88
87,89
87,90
87,91
87,92
87,93
87,94
87,95
87,96
87,97
87,98
87,99
87,100
87,101
87,102
87,103
87,104
87,105
87,106
87,107
87,108
87,109
87,110
87,111
87,112
87,113
87,114
87,115
87,116
87,117
87,118
87,119
87,120
87,121
87,122
87,123
87,124
87,125
87,126
87,127
87,128
87,129
87,136
87,137
87,138
87,139
87,140
87,141
87,142
87,175
87,176
87,177
87,178
87,179
87,180
87,181
87,182
87,183
87,184
87,185
87,186
87,187
87,188
87,189
87,190
87,191
87,192
87,193
87,194
87,195
87,196
87,197
87,198
87,199
87,200
87,201
87,202
87,203
87,204
87,205
87,206
87,207
87,208
87,209
87,210
87,211
87,212
87,213
87,214
87,215
87,216
87,217
87,218
87,219
87,220
87,227
87,228
87,229
87,230
87,231
87,232
87,233
87,267
87,268
87,269
87,270
87,271
87,272
87,273
87,283
87,284
87,285
87,286
87,287
87,288
87,294
87,295
87,296
88,9
88,10
88,11
88,12
88,13
88,14
88,15
88,16
88,17
88,18
88,19
88,20
88,21
88,22
88,23
88,24
88,25
88,26
88,27
88,34
88,35
88,36
88,86
88,87
88,88
88,89
88,90
88,91
88,92
88,93
88,94
88,95
88,96
88,97
88,98
88,99
88,100
88,101
88,102
88,103
88,104
88,105
88,106
88,107
88,108
88,109
88,110
88,111
88,112
88,113
88,114
88,115
88,116
88,117
88,118
88,119
88,120
88,121
88,122
88,123
88,124
88,125
88,126
88,127
88,128
88,129
88,133
88,134
88,135
88,136
88,137
88,138
88,139
88,140
88,177
88,178
88,179
88,180
88,181
88,182
88,183
88,184
88,185
88,186
88,187
88,188
88,189
88,190
88,191
88,192
88,193
88,194
88,195
88,196
88,197
88,198
88,199
88,200
88,201
88,202
88,203
88,204
88,205
88,206
88,207
88,208
88,209
88,210
88,211
88,212
88,213
88,214
88,215
88,216
88,217
88,218
88,219
88,220
88,224
88,225
88,226
88,227
88,228
88,229
88,230
88,231
88,267
88,268
88,269
88,270
88,271
88,272
88,273
88,274
88,275
88,276
88,277
88,278
88,279
88,280
88,281
88,282
88,283
88,284
88,285
88,292
88,293
88,294
89,10
89,11
89,12
89,17
89,18
89,19
89,20
89,21
89,22
89,33
89,34
89,35
89,88
89,89
89,90
89,91
89,92
89,93
89,94
89,95
89,96
89,97
89,98
89,99
89,100
89,101
89,102
89,103
89,104
89,105
89,106
89,107
89,108
89,109
89,110
89,111
89,112
89,113
89,114
89,115
89,116
89,117
89,118
89,119
89,120
89,121
89,122
89,123
89,124
89,125
89,126
89,127
89,128
89,129
89,130
89,131
89,132
89,133
89,134
89,135
89,136
89,137
89,138
89,139
89,179
89,180
89,181
89,182
89,183
89,184
89,185
89,186
89,187
89,188
89,189
89,190
89,191
89,192
89,193
89,194
89,195
89,196
89,197
89,198
89,199
89,200
89,201
89,202
89,203
89,204
89,205
89,206
89,207
89,208
89,209
89,210
89,211
89,212
89,213
89,214
89,215
89,216
89,217
89,218
89,219
89,220
89,221
89,222
89,223
89,224
89,225
89,226
89,227
89,228
89,229
89,230
89,268
89,269
89,270
89,275
89,276
89,277
89,278
89,279
89,280
89,291
89,292
89,293
90,11
90,12
90,13
90,31
90,32
90,33
90,90
90,91
90,92
90,93
90,94
90,95
90,96
90,97
90,98
90,99
90,100
90,101
90,102
90,103
90,104
90,105
90,106
90,107
90,108
90,109
90,110
90,111
90,112
90,113
90,114
90,115
90,116
90,117
90,118
90,119
90,120
90,121
90,122
90,123
90,124
90,125
90,126
90,127
90,128
90,129
90,130
90,131
90,132
90,133
90,134
90,135
90,136
90,137
90,181
90,182
90,183
90,184
90,185
90,186
90,187
90,188
90,189
90,190
90,191
90,192
90,193
90,194
90,195
90,196
90,197
90,198
90,199
90,200
90,201
90,202
90,203
90,204
90,205
90,206
90,207
90,208
90,209
90,210
90,211
90,212
90,213
90,214
90,215
90,216
90,217
90,218
90,219
90,220
90,221
90,222
90,223
90,224
90,225
90,226
90,227
90,228
90,269
90,270
90,271
90,289
90,290
90,291
91,12
91,13
91,14
91,29
91,30
91,31
91,32
91,92
91,93
91,94
91,95
91,96
91,97
91,98
91,99
91,100
91,101
91,102
91,103
91,104
91,105
91,106
91,107
91,108
91,109
91,110
91,111
91,112
91,113
91,114
91,115
91,116
91,117
91,118
91,119
91,120
91,121
91,122
91,123
91,124
91,125
91,126
91,127
91,128
91,129
91,130
91,131
91,132
91,133
91,134
91,135
91,183
91,184
91,185
91,186
91,187
91,188
91,189
91,190
91,191
91,192
91,193
91,194
91,195
91,196
91,197
91,198
91,199
91,200
91,201
91,202
91,203
91,204
91,205
91,206
91,207
91,208
91,209
91,210
91,211
91,212
91,213
91,214
91,215
91,216
91,217
91,218
91,219
91,220
91,221
91,222
91,223
91,224
91,225
91,226
91,270
91,271
91,272
91,287
91,288
91,289
91,290
92,13
92,14
92,15
92,16
92,26
92,27
92,28
92,29
92,30
92,95
92,96
92,97
92,98
92,99
92,100
92,101
92,102
92,103
92,104
92,105
92,106
92,107
92,108
92,109
92,110
92,111
92,112
92,117
92,118
92,119
92,120
92,121
92,122
92,123
92,124
92,125
92,126
92,127
92,128
92,129
92,130
92,131
92,132
92,133
92,186
92,187
92,188
92,189
92,190
92,191
92,192
92,193
92,194
92,195
92,196
92,197
92,198
92,199
92,200
92,201
92,202
92,203
92,208
92,209
92,210
92,211
92,212
92,213
92,214
92,215
92,216
92,217
92,218
92,219
92,220
92,221
92,222
92,223
92,224
92,271
92,272
92,273
92,274
92,284
92,285
92,286
92,287
92,288
93,14
93,15
93,16
93,17
93,18
93,19
93,21
93,22
93,23
93,24
93,25
93,26
93,27
93,98
93,99
93,100
93,101
93,102
93,103
93,104
93,105
93,106
93,107
93,108
93,109
93,110
93,111
93,112
93,113
93,114
93,115
93,116
93,117
93,118
93,119
93,120
93,121
93,122
93,123
93,124
93,125
93,126
93,127
93,128
93,129
93,189
93,190
93,191
93,192
93,193
93,194
93,195
93,196
93,197
93,198
93,199
93,200
93,201
93,202
93,203
93,204
93,205
93,206
93,207
93,208
93,209
93,210
93,211
93,212
93,213
93,214
93,215
93,216
93,217
93,218
93,219
93,220
93,272
93,273
93,274
93,275
93,276
93,277
93,279
93,280
93,281
93,282
93,283
93,284
93,285
94,16
94,17
94,18
94,19
94,20
94,21
94,22
94,23
94,24
94,103
94,104
94,105
94,106
94,107
94,108
94,109
94,110
94,111
94,112
94,113
94,114
94,115
94,116
94,117
94,118
94,119
94,120
94,121
94,122
94,194
94,195
94,196
94,197
94,198
94,199
94,200
94,201
94,202
94,203
94,204
